Id,Given Text,G syntax,G lexical,G decodability,Answer,massage,Simplified Text,S syntax,S lexical,S decodability,Solvable,Iteration,
3,"Julie is reading a 120-page book. Yesterday, she was able to read 12 pages and today, she read twice as many pages as yesterday. If she wants to read half of the remaining pages tomorrow, how many pages should she read?",844.9726792,849.3143604,835.5534284,"Maila read 12 x 2 = <<12*2=24>>24 pages today.
So she was able to read a total of 12 + 24 = <<12+24=36>>36 pages since yesterday.
There are 120 - 36 = <<120-36=84>>84 pages left to be read.
Since she wants to read half of the remaining pages tomorrow, then she should read 84/2 = <<84/2=42>>42 pages.
#### 42","[{'role': 'user', 'content': ""As a text simplification agent specialized in math problems, your goal is to enhance the readability of mathematical questions while ensuring they remain solvable with the same answer.                Let's focus on lexical complexity for this task.                Here's a math problem for you to simplify: Julie is reading a 120-page book. Yesterday, she was able to read 12 pages and today, she read twice as many pages as yesterday. If she wants to read half of the remaining pages tomorrow, how many pages should she read?.               Please simplify the text while preserving its original meaning with a focus on reducing lexical complexity. \n The simplified text:""}, {'role': 'assistant', 'content': ""Julie is reading a 120-page book. Yesterday, she read 12 pages and today, she read double the amount. If she plans to read half of what's left tomorrow, how many pages should she read?""}, {'role': 'user', 'content': ""Your generated text lexical complexity score is: 719.7870661986229 \n  Please continue to simplify the text further while preserving its original meaning. Try to focus on simplify the text's lexical. \n The simplified text:""}, {'role': 'assistant', 'content': ""Julie is reading a 120-page book. Yesterday, she read 12 pages and today, she read twice as much. If she wants to read half of what's left tomorrow, how many pages should she read?""}, {'role': 'user', 'content': ""Your generated text lexical complexity score is: 710.5886076960328 \n  Please continue to simplify the text further while preserving its original meaning. Try to focus on simplify the text's lexical. \n The simplified text:""}, {'role': 'assistant', 'content': 'Julie is reading a 120-page book. Yesterday, she read 12 pages and today, she read double that amount. If she wants to read half of the remaining pages tomorrow, how many pages should she read?'}, {'role': 'user', 'content': ""Your generated text lexical complexity score is: 749.9900470234357 \n  Please continue to simplify the text further while preserving its original meaning. Try to focus on simplify the text's lexical. \n The simplified text:""}]","Julie is reading a 120-page book. Yesterday, she read 12 pages and today, she read double the amount. If she plans to read half of what's left tomorrow, how many pages should she read?",743.3522626,719.7870662,782.1696829,TRUE,1,0
3,"Julie is reading a 120-page book. Yesterday, she read 12 pages and today, she read double the amount. If she plans to read half of what's left tomorrow, how many pages should she read?",743.3522626,719.7870662,782.1696829,"Maila read 12 x 2 = <<12*2=24>>24 pages today.
So she was able to read a total of 12 + 24 = <<12+24=36>>36 pages since yesterday.
There are 120 - 36 = <<120-36=84>>84 pages left to be read.
Since she wants to read half of the remaining pages tomorrow, then she should read 84/2 = <<84/2=42>>42 pages.
#### 42","[{'role': 'user', 'content': ""As a text simplification agent specialized in math problems, your goal is to enhance the readability of mathematical questions while ensuring they remain solvable with the same answer.                Let's focus on lexical complexity for this task.                Here's a math problem for you to simplify: Julie is reading a 120-page book. Yesterday, she was able to read 12 pages and today, she read twice as many pages as yesterday. If she wants to read half of the remaining pages tomorrow, how many pages should she read?.               Please simplify the text while preserving its original meaning with a focus on reducing lexical complexity. \n The simplified text:""}, {'role': 'assistant', 'content': ""Julie is reading a 120-page book. Yesterday, she read 12 pages and today, she read double the amount. If she plans to read half of what's left tomorrow, how many pages should she read?""}, {'role': 'user', 'content': ""Your generated text lexical complexity score is: 719.7870661986229 \n  Please continue to simplify the text further while preserving its original meaning. Try to focus on simplify the text's lexical. \n The simplified text:""}, {'role': 'assistant', 'content': ""Julie is reading a 120-page book. Yesterday, she read 12 pages and today, she read twice as much. If she wants to read half of what's left tomorrow, how many pages should she read?""}, {'role': 'user', 'content': ""Your generated text lexical complexity score is: 710.5886076960328 \n  Please continue to simplify the text further while preserving its original meaning. Try to focus on simplify the text's lexical. \n The simplified text:""}, {'role': 'assistant', 'content': 'Julie is reading a 120-page book. Yesterday, she read 12 pages and today, she read double that amount. If she wants to read half of the remaining pages tomorrow, how many pages should she read?'}, {'role': 'user', 'content': ""Your generated text lexical complexity score is: 749.9900470234357 \n  Please continue to simplify the text further while preserving its original meaning. Try to focus on simplify the text's lexical. \n The simplified text:""}]","Julie is reading a 120-page book. Yesterday, she read 12 pages and today, she read twice as much. If she wants to read half of what's left tomorrow, how many pages should she read?",733.6816832,710.5886077,788.2491418,TRUE,2,
3,"Julie is reading a 120-page book. Yesterday, she read 12 pages and today, she read twice as much. If she wants to read half of what's left tomorrow, how many pages should she read?",733.6816832,710.5886077,788.2491418,"Maila read 12 x 2 = <<12*2=24>>24 pages today.
So she was able to read a total of 12 + 24 = <<12+24=36>>36 pages since yesterday.
There are 120 - 36 = <<120-36=84>>84 pages left to be read.
Since she wants to read half of the remaining pages tomorrow, then she should read 84/2 = <<84/2=42>>42 pages.
#### 42","[{'role': 'user', 'content': ""As a text simplification agent specialized in math problems, your goal is to enhance the readability of mathematical questions while ensuring they remain solvable with the same answer.                Let's focus on lexical complexity for this task.                Here's a math problem for you to simplify: Julie is reading a 120-page book. Yesterday, she was able to read 12 pages and today, she read twice as many pages as yesterday. If she wants to read half of the remaining pages tomorrow, how many pages should she read?.               Please simplify the text while preserving its original meaning with a focus on reducing lexical complexity. \n The simplified text:""}, {'role': 'assistant', 'content': ""Julie is reading a 120-page book. Yesterday, she read 12 pages and today, she read double the amount. If she plans to read half of what's left tomorrow, how many pages should she read?""}, {'role': 'user', 'content': ""Your generated text lexical complexity score is: 719.7870661986229 \n  Please continue to simplify the text further while preserving its original meaning. Try to focus on simplify the text's lexical. \n The simplified text:""}, {'role': 'assistant', 'content': ""Julie is reading a 120-page book. Yesterday, she read 12 pages and today, she read twice as much. If she wants to read half of what's left tomorrow, how many pages should she read?""}, {'role': 'user', 'content': ""Your generated text lexical complexity score is: 710.5886076960328 \n  Please continue to simplify the text further while preserving its original meaning. Try to focus on simplify the text's lexical. \n The simplified text:""}, {'role': 'assistant', 'content': 'Julie is reading a 120-page book. Yesterday, she read 12 pages and today, she read double that amount. If she wants to read half of the remaining pages tomorrow, how many pages should she read?'}, {'role': 'user', 'content': ""Your generated text lexical complexity score is: 749.9900470234357 \n  Please continue to simplify the text further while preserving its original meaning. Try to focus on simplify the text's lexical. \n The simplified text:""}]","Julie is reading a 120-page book. Yesterday, she read 12 pages and today, she read double that amount. If she wants to read half of the remaining pages tomorrow, how many pages should she read?",771.4132356,749.990047,810.6891691,TRUE,3,
5,"Mark has a garden with flowers. He planted plants of three different colors in it. Ten of them are yellow, and there are 80% more of those in purple. There are only 25% as many green flowers as there are yellow and purple flowers. How many flowers does Mark have in his garden?",708.8466661,663.9952348,835.5957622,"There are 80/100 * 10 = <<80/100*10=8>>8 more purple flowers than yellow flowers.
So in Mark's garden, there are 10 + 8 = <<10+8=18>>18 purple flowers.
Purple and yellow flowers sum up to 10 + 18 = <<10+18=28>>28 flowers.
That means in Mark's garden there are 25/100 * 28 = <<25/100*28=7>>7 green flowers.
So in total Mark has 28 + 7 = <<28+7=35>>35 plants in his garden.
#### 35","[{'role': 'user', 'content': ""As a text simplification agent specialized in math problems, your goal is to enhance the readability of mathematical questions while ensuring they remain solvable with the same answer.                Let's focus on lexical complexity for this task.                Here's a math problem for you to simplify: Mark has a garden with flowers. He planted plants of three different colors in it. Ten of them are yellow, and there are 80% more of those in purple. There are only 25% as many green flowers as there are yellow and purple flowers. How many flowers does Mark have in his garden?.               Please simplify the text while preserving its original meaning with a focus on reducing lexical complexity. \n The simplified text:""}, {'role': 'assistant', 'content': 'Mark has a garden with flowers. He planted plants of three colors - yellow, purple, and green. There are 10 yellow flowers in the garden, and the number of purple flowers is 80% higher than that. The number of green flowers is only 25% of the combined number of yellow and purple flowers. How many total flowers does Mark have in his garden?'}, {'role': 'user', 'content': 'The generated text appears to be unsolvable as it lacks the essential information needed to solve the problem. Please try again and ensure that the rephrased text remains solvable. \n The simplified text:'}, {'role': 'assistant', 'content': 'Mark has a garden with flowers. He planted three colors of plants - yellow, purple, and green. There are 10 yellow flowers, and the number of purple flowers is 80% more than that. The number of green flowers is only 25% of the sum of yellow and purple flowers. How many total flowers does Mark have in his garden?'}, {'role': 'user', 'content': 'The generated text appears to be unsolvable as it lacks the essential information needed to solve the problem. Please try again and ensure that the rephrased text remains solvable. \n The simplified text:'}, {'role': 'assistant', 'content': 'Mark has a garden with flowers. He planted three colors of plants - yellow, purple, and green. There are 10 yellow flowers, and there are 80% more purple flowers compared to that. The number of green flowers is only 25% of the combined number of yellow and purple flowers. How many flowers, in total, does Mark have in his garden?'}, {'role': 'user', 'content': 'The generated text appears to be unsolvable as it lacks the essential information needed to solve the problem. Please try again and ensure that the rephrased text remains solvable. \n The simplified text:'}]","Mark has a garden with flowers. He planted plants of three colors - yellow, purple, and green. There are 10 yellow flowers in the garden, and the number of purple flowers is 80% higher than that. The number of green flowers is only 25% of the combined number of yellow and purple flowers. How many total flowers does Mark have in his garden?",820.3090553,729.5900224,877.6158145,FALSE,1,1
5,"Mark has a garden with flowers. He planted plants of three colors - yellow, purple, and green. There are 10 yellow flowers in the garden, and the number of purple flowers is 80% higher than that. The number of green flowers is only 25% of the combined number of yellow and purple flowers. How many total flowers does Mark have in his garden?",820.3090553,729.5900224,877.6158145,"There are 80/100 * 10 = <<80/100*10=8>>8 more purple flowers than yellow flowers.
So in Mark's garden, there are 10 + 8 = <<10+8=18>>18 purple flowers.
Purple and yellow flowers sum up to 10 + 18 = <<10+18=28>>28 flowers.
That means in Mark's garden there are 25/100 * 28 = <<25/100*28=7>>7 green flowers.
So in total Mark has 28 + 7 = <<28+7=35>>35 plants in his garden.
#### 35","[{'role': 'user', 'content': ""As a text simplification agent specialized in math problems, your goal is to enhance the readability of mathematical questions while ensuring they remain solvable with the same answer.                Let's focus on lexical complexity for this task.                Here's a math problem for you to simplify: Mark has a garden with flowers. He planted plants of three different colors in it. Ten of them are yellow, and there are 80% more of those in purple. There are only 25% as many green flowers as there are yellow and purple flowers. How many flowers does Mark have in his garden?.               Please simplify the text while preserving its original meaning with a focus on reducing lexical complexity. \n The simplified text:""}, {'role': 'assistant', 'content': 'Mark has a garden with flowers. He planted plants of three colors - yellow, purple, and green. There are 10 yellow flowers in the garden, and the number of purple flowers is 80% higher than that. The number of green flowers is only 25% of the combined number of yellow and purple flowers. How many total flowers does Mark have in his garden?'}, {'role': 'user', 'content': 'The generated text appears to be unsolvable as it lacks the essential information needed to solve the problem. Please try again and ensure that the rephrased text remains solvable. \n The simplified text:'}, {'role': 'assistant', 'content': 'Mark has a garden with flowers. He planted three colors of plants - yellow, purple, and green. There are 10 yellow flowers, and the number of purple flowers is 80% more than that. The number of green flowers is only 25% of the sum of yellow and purple flowers. How many total flowers does Mark have in his garden?'}, {'role': 'user', 'content': 'The generated text appears to be unsolvable as it lacks the essential information needed to solve the problem. Please try again and ensure that the rephrased text remains solvable. \n The simplified text:'}, {'role': 'assistant', 'content': 'Mark has a garden with flowers. He planted three colors of plants - yellow, purple, and green. There are 10 yellow flowers, and there are 80% more purple flowers compared to that. The number of green flowers is only 25% of the combined number of yellow and purple flowers. How many flowers, in total, does Mark have in his garden?'}, {'role': 'user', 'content': 'The generated text appears to be unsolvable as it lacks the essential information needed to solve the problem. Please try again and ensure that the rephrased text remains solvable. \n The simplified text:'}]","Mark has a garden with flowers. He planted three colors of plants - yellow, purple, and green. There are 10 yellow flowers, and the number of purple flowers is 80% more than that. The number of green flowers is only 25% of the sum of yellow and purple flowers. How many total flowers does Mark have in his garden?",784.1419425,678.9504301,859.1619232,FALSE,2,
5,"Mark has a garden with flowers. He planted three colors of plants - yellow, purple, and green. There are 10 yellow flowers, and the number of purple flowers is 80% more than that. The number of green flowers is only 25% of the sum of yellow and purple flowers. How many total flowers does Mark have in his garden?",784.1419425,678.9504301,859.1619232,"There are 80/100 * 10 = <<80/100*10=8>>8 more purple flowers than yellow flowers.
So in Mark's garden, there are 10 + 8 = <<10+8=18>>18 purple flowers.
Purple and yellow flowers sum up to 10 + 18 = <<10+18=28>>28 flowers.
That means in Mark's garden there are 25/100 * 28 = <<25/100*28=7>>7 green flowers.
So in total Mark has 28 + 7 = <<28+7=35>>35 plants in his garden.
#### 35","[{'role': 'user', 'content': ""As a text simplification agent specialized in math problems, your goal is to enhance the readability of mathematical questions while ensuring they remain solvable with the same answer.                Let's focus on lexical complexity for this task.                Here's a math problem for you to simplify: Mark has a garden with flowers. He planted plants of three different colors in it. Ten of them are yellow, and there are 80% more of those in purple. There are only 25% as many green flowers as there are yellow and purple flowers. How many flowers does Mark have in his garden?.               Please simplify the text while preserving its original meaning with a focus on reducing lexical complexity. \n The simplified text:""}, {'role': 'assistant', 'content': 'Mark has a garden with flowers. He planted plants of three colors - yellow, purple, and green. There are 10 yellow flowers in the garden, and the number of purple flowers is 80% higher than that. The number of green flowers is only 25% of the combined number of yellow and purple flowers. How many total flowers does Mark have in his garden?'}, {'role': 'user', 'content': 'The generated text appears to be unsolvable as it lacks the essential information needed to solve the problem. Please try again and ensure that the rephrased text remains solvable. \n The simplified text:'}, {'role': 'assistant', 'content': 'Mark has a garden with flowers. He planted three colors of plants - yellow, purple, and green. There are 10 yellow flowers, and the number of purple flowers is 80% more than that. The number of green flowers is only 25% of the sum of yellow and purple flowers. How many total flowers does Mark have in his garden?'}, {'role': 'user', 'content': 'The generated text appears to be unsolvable as it lacks the essential information needed to solve the problem. Please try again and ensure that the rephrased text remains solvable. \n The simplified text:'}, {'role': 'assistant', 'content': 'Mark has a garden with flowers. He planted three colors of plants - yellow, purple, and green. There are 10 yellow flowers, and there are 80% more purple flowers compared to that. The number of green flowers is only 25% of the combined number of yellow and purple flowers. How many flowers, in total, does Mark have in his garden?'}, {'role': 'user', 'content': 'The generated text appears to be unsolvable as it lacks the essential information needed to solve the problem. Please try again and ensure that the rephrased text remains solvable. \n The simplified text:'}]","Mark has a garden with flowers. He planted three colors of plants - yellow, purple, and green. There are 10 yellow flowers, and there are 80% more purple flowers compared to that. The number of green flowers is only 25% of the combined number of yellow and purple flowers. How many flowers, in total, does Mark have in his garden?",798.1894867,724.9130874,867.7868003,FALSE,3,
8,"Alexis is applying for a new job and bought a new set of business clothes to wear to the interview. She went to a department store with a budget of $200 and spent $30 on a button-up shirt, $46 on suit pants, $38 on a suit coat, $11 on socks, and $18 on a belt. She also purchased a pair of shoes, but lost the receipt for them. She has $16 left from her budget. How much did Alexis pay for the shoes?",798.425761,916.9765859,621.7161112,"Let S be the amount Alexis paid for the shoes.
She spent S + 30 + 46 + 38 + 11 + 18 = S + <<+30+46+38+11+18=143>>143.
She used all but $16 of her budget, so S + 143 = 200 - 16 = 184.
Thus, Alexis paid S = 184 - 143 = $<<184-143=41>>41 for the shoes.
#### 41","[{'role': 'user', 'content': ""As a text simplification agent specialized in math problems, your goal is to enhance the readability of mathematical questions while ensuring they remain solvable with the same answer.                Let's focus on lexical complexity for this task.                Here's a math problem for you to simplify: Alexis is applying for a new job and bought a new set of business clothes to wear to the interview. She went to a department store with a budget of $200 and spent $30 on a button-up shirt, $46 on suit pants, $38 on a suit coat, $11 on socks, and $18 on a belt. She also purchased a pair of shoes, but lost the receipt for them. She has $16 left from her budget. How much did Alexis pay for the shoes?.               Please simplify the text while preserving its original meaning with a focus on reducing lexical complexity. \n The simplified text:""}, {'role': 'assistant', 'content': ""Alexis bought business clothes for a job interview. She had a budget of $200 and spent $30 on a shirt, $46 on pants, $38 on a coat, $11 on socks, and $18 on a belt. She also bought shoes, but doesn't know the cost as she lost the receipt. She has $16 remaining from her budget. How much did she pay for the shoes?""}, {'role': 'user', 'content': ""Your generated text lexical complexity score is: 743.205402789924 \n  Please continue to simplify the text further while preserving its original meaning. Try to focus on simplify the text's lexical. \n The simplified text:""}, {'role': 'assistant', 'content': ""Alexis bought business clothes for a job interview. She had a $200 budget and spent $30 on a shirt, $46 on pants, $38 on a coat, $11 on socks, and $18 on a belt. She also bought shoes, but doesn't know their cost as she lost the receipt. She has $16 left from her budget. How much did she pay for the shoes?""}, {'role': 'user', 'content': 'The generated text appears to be unsolvable as it lacks the essential information needed to solve the problem. Please try again and ensure that the rephrased text remains solvable. \n The simplified text:'}, {'role': 'assistant', 'content': ""Alexis bought business clothes for a job interview. She had a budget of $200 and spent $30 on a shirt, $46 on pants, $38 on a coat, $11 on socks, and $18 on a belt. Alexis also purchased a pair of shoes, but she doesn't remember how much they cost because she lost the receipt. After all her purchases, Alexis has $16 remaining from her budget. How much did she pay for the shoes?""}, {'role': 'user', 'content': ""Your generated text lexical complexity score is: 893.1666736360411 \n  Please continue to simplify the text further while preserving its original meaning. Try to focus on simplify the text's lexical. \n The simplified text:""}]","Alexis bought business clothes for a job interview. She had a budget of $200 and spent $30 on a shirt, $46 on pants, $38 on a coat, $11 on socks, and $18 on a belt. She also bought shoes, but doesn't know the cost as she lost the receipt. She has $16 remaining from her budget. How much did she pay for the shoes?",688.3227711,743.2054028,634.6180237,TRUE,1,0
8,"Alexis bought business clothes for a job interview. She had a budget of $200 and spent $30 on a shirt, $46 on pants, $38 on a coat, $11 on socks, and $18 on a belt. She also bought shoes, but doesn't know the cost as she lost the receipt. She has $16 remaining from her budget. How much did she pay for the shoes?",688.3227711,743.2054028,634.6180237,"Let S be the amount Alexis paid for the shoes.
She spent S + 30 + 46 + 38 + 11 + 18 = S + <<+30+46+38+11+18=143>>143.
She used all but $16 of her budget, so S + 143 = 200 - 16 = 184.
Thus, Alexis paid S = 184 - 143 = $<<184-143=41>>41 for the shoes.
#### 41","[{'role': 'user', 'content': ""As a text simplification agent specialized in math problems, your goal is to enhance the readability of mathematical questions while ensuring they remain solvable with the same answer.                Let's focus on lexical complexity for this task.                Here's a math problem for you to simplify: Alexis is applying for a new job and bought a new set of business clothes to wear to the interview. She went to a department store with a budget of $200 and spent $30 on a button-up shirt, $46 on suit pants, $38 on a suit coat, $11 on socks, and $18 on a belt. She also purchased a pair of shoes, but lost the receipt for them. She has $16 left from her budget. How much did Alexis pay for the shoes?.               Please simplify the text while preserving its original meaning with a focus on reducing lexical complexity. \n The simplified text:""}, {'role': 'assistant', 'content': ""Alexis bought business clothes for a job interview. She had a budget of $200 and spent $30 on a shirt, $46 on pants, $38 on a coat, $11 on socks, and $18 on a belt. She also bought shoes, but doesn't know the cost as she lost the receipt. She has $16 remaining from her budget. How much did she pay for the shoes?""}, {'role': 'user', 'content': ""Your generated text lexical complexity score is: 743.205402789924 \n  Please continue to simplify the text further while preserving its original meaning. Try to focus on simplify the text's lexical. \n The simplified text:""}, {'role': 'assistant', 'content': ""Alexis bought business clothes for a job interview. She had a $200 budget and spent $30 on a shirt, $46 on pants, $38 on a coat, $11 on socks, and $18 on a belt. She also bought shoes, but doesn't know their cost as she lost the receipt. She has $16 left from her budget. How much did she pay for the shoes?""}, {'role': 'user', 'content': 'The generated text appears to be unsolvable as it lacks the essential information needed to solve the problem. Please try again and ensure that the rephrased text remains solvable. \n The simplified text:'}, {'role': 'assistant', 'content': ""Alexis bought business clothes for a job interview. She had a budget of $200 and spent $30 on a shirt, $46 on pants, $38 on a coat, $11 on socks, and $18 on a belt. Alexis also purchased a pair of shoes, but she doesn't remember how much they cost because she lost the receipt. After all her purchases, Alexis has $16 remaining from her budget. How much did she pay for the shoes?""}, {'role': 'user', 'content': ""Your generated text lexical complexity score is: 893.1666736360411 \n  Please continue to simplify the text further while preserving its original meaning. Try to focus on simplify the text's lexical. \n The simplified text:""}]","Alexis bought business clothes for a job interview. She had a $200 budget and spent $30 on a shirt, $46 on pants, $38 on a coat, $11 on socks, and $18 on a belt. She also bought shoes, but doesn't know their cost as she lost the receipt. She has $16 left from her budget. How much did she pay for the shoes?",681.8792614,722.7709789,631.3717817,FALSE,2,
8,"Alexis bought business clothes for a job interview. She had a $200 budget and spent $30 on a shirt, $46 on pants, $38 on a coat, $11 on socks, and $18 on a belt. She also bought shoes, but doesn't know their cost as she lost the receipt. She has $16 left from her budget. How much did she pay for the shoes?",681.8792614,722.7709789,631.3717817,"Let S be the amount Alexis paid for the shoes.
She spent S + 30 + 46 + 38 + 11 + 18 = S + <<+30+46+38+11+18=143>>143.
She used all but $16 of her budget, so S + 143 = 200 - 16 = 184.
Thus, Alexis paid S = 184 - 143 = $<<184-143=41>>41 for the shoes.
#### 41","[{'role': 'user', 'content': ""As a text simplification agent specialized in math problems, your goal is to enhance the readability of mathematical questions while ensuring they remain solvable with the same answer.                Let's focus on lexical complexity for this task.                Here's a math problem for you to simplify: Alexis is applying for a new job and bought a new set of business clothes to wear to the interview. She went to a department store with a budget of $200 and spent $30 on a button-up shirt, $46 on suit pants, $38 on a suit coat, $11 on socks, and $18 on a belt. She also purchased a pair of shoes, but lost the receipt for them. She has $16 left from her budget. How much did Alexis pay for the shoes?.               Please simplify the text while preserving its original meaning with a focus on reducing lexical complexity. \n The simplified text:""}, {'role': 'assistant', 'content': ""Alexis bought business clothes for a job interview. She had a budget of $200 and spent $30 on a shirt, $46 on pants, $38 on a coat, $11 on socks, and $18 on a belt. She also bought shoes, but doesn't know the cost as she lost the receipt. She has $16 remaining from her budget. How much did she pay for the shoes?""}, {'role': 'user', 'content': ""Your generated text lexical complexity score is: 743.205402789924 \n  Please continue to simplify the text further while preserving its original meaning. Try to focus on simplify the text's lexical. \n The simplified text:""}, {'role': 'assistant', 'content': ""Alexis bought business clothes for a job interview. She had a $200 budget and spent $30 on a shirt, $46 on pants, $38 on a coat, $11 on socks, and $18 on a belt. She also bought shoes, but doesn't know their cost as she lost the receipt. She has $16 left from her budget. How much did she pay for the shoes?""}, {'role': 'user', 'content': 'The generated text appears to be unsolvable as it lacks the essential information needed to solve the problem. Please try again and ensure that the rephrased text remains solvable. \n The simplified text:'}, {'role': 'assistant', 'content': ""Alexis bought business clothes for a job interview. She had a budget of $200 and spent $30 on a shirt, $46 on pants, $38 on a coat, $11 on socks, and $18 on a belt. Alexis also purchased a pair of shoes, but she doesn't remember how much they cost because she lost the receipt. After all her purchases, Alexis has $16 remaining from her budget. How much did she pay for the shoes?""}, {'role': 'user', 'content': ""Your generated text lexical complexity score is: 893.1666736360411 \n  Please continue to simplify the text further while preserving its original meaning. Try to focus on simplify the text's lexical. \n The simplified text:""}]","Alexis bought business clothes for a job interview. She had a budget of $200 and spent $30 on a shirt, $46 on pants, $38 on a coat, $11 on socks, and $18 on a belt. Alexis also purchased a pair of shoes, but she doesn't remember how much they cost because she lost the receipt. After all her purchases, Alexis has $16 remaining from her budget. How much did she pay for the shoes?",763.3195245,893.1666736,671.0332601,TRUE,3,
11,"Tobias is buying a new pair of shoes that costs $95. He has been saving up his money each month for the past three months. He gets a $5 allowance a month. He also mows lawns and shovels driveways. He charges $15 to mow a lawn and $7 to shovel. After buying the shoes, he has $15 in change. If he mows 4 lawns, how many driveways did he shovel?",637.8422704,635.9513236,749.0825192,"He saved up $110 total because 95 + 15 = <<95+15=110>>110
He saved $15 from his allowance because 3 x 5 = <<3*5=15>>15
He earned $60 mowing lawns because 4 x 15 = <<4*15=60>>60
He earned $35 shoveling driveways because 110 - 60 - 15 = <<110-60-15=35>>35
He shoveled 5 driveways because 35 / 7 = <<35/7=5>>5
#### 5","[{'role': 'user', 'content': ""As a text simplification agent specialized in math problems, your goal is to enhance the readability of mathematical questions while ensuring they remain solvable with the same answer.                Let's focus on lexical complexity for this task.                Here's a math problem for you to simplify: Tobias is buying a new pair of shoes that costs $95. He has been saving up his money each month for the past three months. He gets a $5 allowance a month. He also mows lawns and shovels driveways. He charges $15 to mow a lawn and $7 to shovel. After buying the shoes, he has $15 in change. If he mows 4 lawns, how many driveways did he shovel?.               Please simplify the text while preserving its original meaning with a focus on reducing lexical complexity. \n The simplified text:""}, {'role': 'assistant', 'content': 'Tobias wants to buy shoes for $95. He has been saving money for the past three months. He receives a $5 allowance per month. Besides that, he does lawn mowing for $15 each and shovels driveways for $7. After buying the shoes, he has $15 left. If he mows 4 lawns, how many driveways did he shovel?'}, {'role': 'user', 'content': 'The generated text appears to be unsolvable as it lacks the essential information needed to solve the problem. Please try again and ensure that the rephrased text remains solvable. \n The simplified text:'}, {'role': 'assistant', 'content': 'Tobias wants to buy a new pair of shoes worth $95. Over the past three months, he has been saving money. Every month, he receives a $5 allowance. Additionally, he earns money by mowing lawns for $15 each and shoveling driveways for $7 each. After purchasing the shoes, he has $15 left. If he mows 4 lawns, how many driveways did he shovel?'}, {'role': 'user', 'content': 'The generated text appears to be unsolvable as it lacks the essential information needed to solve the problem. Please try again and ensure that the rephrased text remains solvable. \n The simplified text:'}, {'role': 'assistant', 'content': 'Tobias wants to buy a new pair of shoes that costs $95. He has been saving money for the past three months. Each month, he gets a $5 allowance. He earns money by mowing lawns for $15 each and shoveling driveways for $7 each. After buying the shoes, he has $15 in change. If he mows 4 lawns, how many driveways did he shovel?'}, {'role': 'user', 'content': 'The generated text appears to be unsolvable as it lacks the essential information needed to solve the problem. Please try again and ensure that the rephrased text remains solvable. \n The simplified text:'}]","Tobias wants to buy shoes for $95. He has been saving money for the past three months. He receives a $5 allowance per month. Besides that, he does lawn mowing for $15 each and shovels driveways for $7. After buying the shoes, he has $15 left. If he mows 4 lawns, how many driveways did he shovel?",662.0126968,646.8565939,826.0952768,TRUE,1,1
11,"Tobias wants to buy shoes for $95. He has been saving money for the past three months. He receives a $5 allowance per month. Besides that, he does lawn mowing for $15 each and shovels driveways for $7. After buying the shoes, he has $15 left. If he mows 4 lawns, how many driveways did he shovel?",662.0126968,646.8565939,826.0952768,"He saved up $110 total because 95 + 15 = <<95+15=110>>110
He saved $15 from his allowance because 3 x 5 = <<3*5=15>>15
He earned $60 mowing lawns because 4 x 15 = <<4*15=60>>60
He earned $35 shoveling driveways because 110 - 60 - 15 = <<110-60-15=35>>35
He shoveled 5 driveways because 35 / 7 = <<35/7=5>>5
#### 5","[{'role': 'user', 'content': ""As a text simplification agent specialized in math problems, your goal is to enhance the readability of mathematical questions while ensuring they remain solvable with the same answer.                Let's focus on lexical complexity for this task.                Here's a math problem for you to simplify: Tobias is buying a new pair of shoes that costs $95. He has been saving up his money each month for the past three months. He gets a $5 allowance a month. He also mows lawns and shovels driveways. He charges $15 to mow a lawn and $7 to shovel. After buying the shoes, he has $15 in change. If he mows 4 lawns, how many driveways did he shovel?.               Please simplify the text while preserving its original meaning with a focus on reducing lexical complexity. \n The simplified text:""}, {'role': 'assistant', 'content': 'Tobias wants to buy shoes for $95. He has been saving money for the past three months. He receives a $5 allowance per month. Besides that, he does lawn mowing for $15 each and shovels driveways for $7. After buying the shoes, he has $15 left. If he mows 4 lawns, how many driveways did he shovel?'}, {'role': 'user', 'content': 'The generated text appears to be unsolvable as it lacks the essential information needed to solve the problem. Please try again and ensure that the rephrased text remains solvable. \n The simplified text:'}, {'role': 'assistant', 'content': 'Tobias wants to buy a new pair of shoes worth $95. Over the past three months, he has been saving money. Every month, he receives a $5 allowance. Additionally, he earns money by mowing lawns for $15 each and shoveling driveways for $7 each. After purchasing the shoes, he has $15 left. If he mows 4 lawns, how many driveways did he shovel?'}, {'role': 'user', 'content': 'The generated text appears to be unsolvable as it lacks the essential information needed to solve the problem. Please try again and ensure that the rephrased text remains solvable. \n The simplified text:'}, {'role': 'assistant', 'content': 'Tobias wants to buy a new pair of shoes that costs $95. He has been saving money for the past three months. Each month, he gets a $5 allowance. He earns money by mowing lawns for $15 each and shoveling driveways for $7 each. After buying the shoes, he has $15 in change. If he mows 4 lawns, how many driveways did he shovel?'}, {'role': 'user', 'content': 'The generated text appears to be unsolvable as it lacks the essential information needed to solve the problem. Please try again and ensure that the rephrased text remains solvable. \n The simplified text:'}]","Tobias wants to buy a new pair of shoes worth $95. Over the past three months, he has been saving money. Every month, he receives a $5 allowance. Additionally, he earns money by mowing lawns for $15 each and shoveling driveways for $7 each. After purchasing the shoes, he has $15 left. If he mows 4 lawns, how many driveways did he shovel?",726.7297455,727.8548545,749.228403,TRUE,2,
11,"Tobias wants to buy a new pair of shoes worth $95. Over the past three months, he has been saving money. Every month, he receives a $5 allowance. Additionally, he earns money by mowing lawns for $15 each and shoveling driveways for $7 each. After purchasing the shoes, he has $15 left. If he mows 4 lawns, how many driveways did he shovel?",726.7297455,727.8548545,749.228403,"He saved up $110 total because 95 + 15 = <<95+15=110>>110
He saved $15 from his allowance because 3 x 5 = <<3*5=15>>15
He earned $60 mowing lawns because 4 x 15 = <<4*15=60>>60
He earned $35 shoveling driveways because 110 - 60 - 15 = <<110-60-15=35>>35
He shoveled 5 driveways because 35 / 7 = <<35/7=5>>5
#### 5","[{'role': 'user', 'content': ""As a text simplification agent specialized in math problems, your goal is to enhance the readability of mathematical questions while ensuring they remain solvable with the same answer.                Let's focus on lexical complexity for this task.                Here's a math problem for you to simplify: Tobias is buying a new pair of shoes that costs $95. He has been saving up his money each month for the past three months. He gets a $5 allowance a month. He also mows lawns and shovels driveways. He charges $15 to mow a lawn and $7 to shovel. After buying the shoes, he has $15 in change. If he mows 4 lawns, how many driveways did he shovel?.               Please simplify the text while preserving its original meaning with a focus on reducing lexical complexity. \n The simplified text:""}, {'role': 'assistant', 'content': 'Tobias wants to buy shoes for $95. He has been saving money for the past three months. He receives a $5 allowance per month. Besides that, he does lawn mowing for $15 each and shovels driveways for $7. After buying the shoes, he has $15 left. If he mows 4 lawns, how many driveways did he shovel?'}, {'role': 'user', 'content': 'The generated text appears to be unsolvable as it lacks the essential information needed to solve the problem. Please try again and ensure that the rephrased text remains solvable. \n The simplified text:'}, {'role': 'assistant', 'content': 'Tobias wants to buy a new pair of shoes worth $95. Over the past three months, he has been saving money. Every month, he receives a $5 allowance. Additionally, he earns money by mowing lawns for $15 each and shoveling driveways for $7 each. After purchasing the shoes, he has $15 left. If he mows 4 lawns, how many driveways did he shovel?'}, {'role': 'user', 'content': 'The generated text appears to be unsolvable as it lacks the essential information needed to solve the problem. Please try again and ensure that the rephrased text remains solvable. \n The simplified text:'}, {'role': 'assistant', 'content': 'Tobias wants to buy a new pair of shoes that costs $95. He has been saving money for the past three months. Each month, he gets a $5 allowance. He earns money by mowing lawns for $15 each and shoveling driveways for $7 each. After buying the shoes, he has $15 in change. If he mows 4 lawns, how many driveways did he shovel?'}, {'role': 'user', 'content': 'The generated text appears to be unsolvable as it lacks the essential information needed to solve the problem. Please try again and ensure that the rephrased text remains solvable. \n The simplified text:'}]","Tobias wants to buy a new pair of shoes that costs $95. He has been saving money for the past three months. Each month, he gets a $5 allowance. He earns money by mowing lawns for $15 each and shoveling driveways for $7 each. After buying the shoes, he has $15 in change. If he mows 4 lawns, how many driveways did he shovel?",726.8523946,673.6956132,785.4667218,TRUE,3,
52,"Arnel had ten boxes of pencils with the same number of pencils in each box.  He kept ten pencils and shared the remaining pencils equally with his five friends. If his friends got eight pencils each, how many pencils are in each box?",830.0932795,799.2755523,903.1721171,"Arnel shared 5 x 8 = <<5*8=40>>40 pencils with his friends.
So, he had 10 + 40 = <<10+40=50>>50 pencils in all.
Therefore, each box had 50/10 = <<50/10=5>>5 pencils inside.
#### 5","[{'role': 'user', 'content': ""As a text simplification agent specialized in math problems, your goal is to enhance the readability of mathematical questions while ensuring they remain solvable with the same answer.                Let's focus on lexical complexity for this task.                Here's a math problem for you to simplify: Arnel had ten boxes of pencils with the same number of pencils in each box.  He kept ten pencils and shared the remaining pencils equally with his five friends. If his friends got eight pencils each, how many pencils are in each box?.               Please simplify the text while preserving its original meaning with a focus on reducing lexical complexity. \n The simplified text:""}, {'role': 'assistant', 'content': 'Arnel had ten boxes of pencils with an equal number of pencils in each box. He kept ten pencils and divided the rest equally among his five friends. If each friend received eight pencils, how many pencils are in each box?'}, {'role': 'user', 'content': ""Your generated text lexical complexity score is: 809.2975210523912 \n  Please continue to simplify the text further while preserving its original meaning. Try to focus on simplify the text's lexical. \n The simplified text:""}, {'role': 'assistant', 'content': 'Arnel had ten boxes of pencils. Each box had the same number of pencils. He kept ten pencils and shared the rest equally among his five friends. If each friend got eight pencils, how many pencils are in each box?'}, {'role': 'user', 'content': ""Your generated text lexical complexity score is: 632.1783903175746 \n  Please continue to simplify the text further while preserving its original meaning. Try to focus on simplify the text's lexical. \n The simplified text:""}, {'role': 'assistant', 'content': 'Arnel had ten boxes of pencils. Each box held the same number of pencils. He kept ten pencils and divided the remaining ones equally among his five friends. If each friend received eight pencils, how many pencils are in each box?'}, {'role': 'user', 'content': ""Your generated text lexical complexity score is: 697.907417146353 \n  Please continue to simplify the text further while preserving its original meaning. Try to focus on simplify the text's lexical. \n The simplified text:""}]","Arnel had ten boxes of pencils with an equal number of pencils in each box. He kept ten pencils and divided the rest equally among his five friends. If each friend received eight pencils, how many pencils are in each box?",810.878416,809.2975211,873.2021992,TRUE,1,0
52,"Arnel had ten boxes of pencils with an equal number of pencils in each box. He kept ten pencils and divided the rest equally among his five friends. If each friend received eight pencils, how many pencils are in each box?",810.878416,809.2975211,873.2021992,"Arnel shared 5 x 8 = <<5*8=40>>40 pencils with his friends.
So, he had 10 + 40 = <<10+40=50>>50 pencils in all.
Therefore, each box had 50/10 = <<50/10=5>>5 pencils inside.
#### 5","[{'role': 'user', 'content': ""As a text simplification agent specialized in math problems, your goal is to enhance the readability of mathematical questions while ensuring they remain solvable with the same answer.                Let's focus on lexical complexity for this task.                Here's a math problem for you to simplify: Arnel had ten boxes of pencils with the same number of pencils in each box.  He kept ten pencils and shared the remaining pencils equally with his five friends. If his friends got eight pencils each, how many pencils are in each box?.               Please simplify the text while preserving its original meaning with a focus on reducing lexical complexity. \n The simplified text:""}, {'role': 'assistant', 'content': 'Arnel had ten boxes of pencils with an equal number of pencils in each box. He kept ten pencils and divided the rest equally among his five friends. If each friend received eight pencils, how many pencils are in each box?'}, {'role': 'user', 'content': ""Your generated text lexical complexity score is: 809.2975210523912 \n  Please continue to simplify the text further while preserving its original meaning. Try to focus on simplify the text's lexical. \n The simplified text:""}, {'role': 'assistant', 'content': 'Arnel had ten boxes of pencils. Each box had the same number of pencils. He kept ten pencils and shared the rest equally among his five friends. If each friend got eight pencils, how many pencils are in each box?'}, {'role': 'user', 'content': ""Your generated text lexical complexity score is: 632.1783903175746 \n  Please continue to simplify the text further while preserving its original meaning. Try to focus on simplify the text's lexical. \n The simplified text:""}, {'role': 'assistant', 'content': 'Arnel had ten boxes of pencils. Each box held the same number of pencils. He kept ten pencils and divided the remaining ones equally among his five friends. If each friend received eight pencils, how many pencils are in each box?'}, {'role': 'user', 'content': ""Your generated text lexical complexity score is: 697.907417146353 \n  Please continue to simplify the text further while preserving its original meaning. Try to focus on simplify the text's lexical. \n The simplified text:""}]","Arnel had ten boxes of pencils. Each box had the same number of pencils. He kept ten pencils and shared the rest equally among his five friends. If each friend got eight pencils, how many pencils are in each box?",640.2444014,632.1783903,881.3936021,TRUE,2,
52,"Arnel had ten boxes of pencils. Each box had the same number of pencils. He kept ten pencils and shared the rest equally among his five friends. If each friend got eight pencils, how many pencils are in each box?",640.2444014,632.1783903,881.3936021,"Arnel shared 5 x 8 = <<5*8=40>>40 pencils with his friends.
So, he had 10 + 40 = <<10+40=50>>50 pencils in all.
Therefore, each box had 50/10 = <<50/10=5>>5 pencils inside.
#### 5","[{'role': 'user', 'content': ""As a text simplification agent specialized in math problems, your goal is to enhance the readability of mathematical questions while ensuring they remain solvable with the same answer.                Let's focus on lexical complexity for this task.                Here's a math problem for you to simplify: Arnel had ten boxes of pencils with the same number of pencils in each box.  He kept ten pencils and shared the remaining pencils equally with his five friends. If his friends got eight pencils each, how many pencils are in each box?.               Please simplify the text while preserving its original meaning with a focus on reducing lexical complexity. \n The simplified text:""}, {'role': 'assistant', 'content': 'Arnel had ten boxes of pencils with an equal number of pencils in each box. He kept ten pencils and divided the rest equally among his five friends. If each friend received eight pencils, how many pencils are in each box?'}, {'role': 'user', 'content': ""Your generated text lexical complexity score is: 809.2975210523912 \n  Please continue to simplify the text further while preserving its original meaning. Try to focus on simplify the text's lexical. \n The simplified text:""}, {'role': 'assistant', 'content': 'Arnel had ten boxes of pencils. Each box had the same number of pencils. He kept ten pencils and shared the rest equally among his five friends. If each friend got eight pencils, how many pencils are in each box?'}, {'role': 'user', 'content': ""Your generated text lexical complexity score is: 632.1783903175746 \n  Please continue to simplify the text further while preserving its original meaning. Try to focus on simplify the text's lexical. \n The simplified text:""}, {'role': 'assistant', 'content': 'Arnel had ten boxes of pencils. Each box held the same number of pencils. He kept ten pencils and divided the remaining ones equally among his five friends. If each friend received eight pencils, how many pencils are in each box?'}, {'role': 'user', 'content': ""Your generated text lexical complexity score is: 697.907417146353 \n  Please continue to simplify the text further while preserving its original meaning. Try to focus on simplify the text's lexical. \n The simplified text:""}]","Arnel had ten boxes of pencils. Each box held the same number of pencils. He kept ten pencils and divided the remaining ones equally among his five friends. If each friend received eight pencils, how many pencils are in each box?",676.879656,697.9074171,897.5364848,TRUE,3,
